customer_id,first_name,last_name,state
1,Mia,Adams,Washington
2,Isla,Smith,California
3,Leo,Clark,Wisconsin
4,Samuel,Clark,Florida
5,Jake,Adams,Wisconsin
6,Rachel,Davis,California
7,Olivia,Lee,Wisconsin
8,Rachel,Scott,Texas
9,Patrick,Lee,Texas
10,Leo,Clark,Wisconsin
11,Tara,Reed,West Virginia
12,Jake,Lee,Wisconsin
13,Mia,Sanchez,Florida
14,Ursula,Scott,Virginia
15,Samuel,Sanchez,Texas
16,Mia,Smith,New York
17,Jake,Davis,Wisconsin
18,Rachel,Brooks,Wisconsin
19,Olivia,Walker,Wisconsin
20,Olivia,Smith,California
21,Ursula,Lee,Virginia
22,Mia,Davis,Texas
23,Patrick,Brooks,Virginia
24,Samuel,Adams,California
25,Patrick,Scott,West Virginia
26,Tara,Clark,West Virginia
27,Mia,Reed,New York
28,Tara,Clark,Florida
29,Jake,Davis,New York
30,Rachel,Davis,Wisconsin
31,Isla,Smith,New York
32,Mia,Adams,Wisconsin
33,Rachel,Smith,Washington
34,Samuel,Davis,Wisconsin
35,Ursula,Walker,Washington
36,Isla,Walker,Virginia
37,Tara,Brooks,Wisconsin
38,Mia,Sanchez,Florida
39,Ursula,Davis,Wisconsin
40,Patrick,Scott,Texas
41,Patrick,Lee,Texas
42,Isla,Sanchez,West Virginia
43,Jake,Scott,West Virginia
44,Isla,Lee,Texas
45,Isla,Reed,Washington
46,Mia,Lee,Texas
47,Leo,Davis,Washington
48,Leo,Brooks,West Virginia
49,Ursula,Smith,Florida
50,Isla,Scott,California
51,Jake,Brooks,Wisconsin
52,Olivia,Lee,Virginia
53,Rachel,Lee,Florida
54,Ursula,Adams,Florida
55,Isla,Scott,Virginia
56,Olivia,Walker,New York
57,Jake,Walker,West Virginia
58,Leo,Walker,Virginia
59,Tara,Smith,Virginia
60,Leo,Lee,Virginia
61,Patrick,Smith,Virginia
62,Tara,Clark,Washington
63,Jake,Clark,California
64,Leo,Walker,West Virginia
65,Ursula,Adams,Virginia
66,Samuel,Walker,Wisconsin
67,Ursula,Sanchez,Wisconsin
68,Olivia,Brooks,West Virginia
69,Olivia,Lee,Texas
70,Jake,Davis,New York
71,Jake,Reed,Wisconsin
72,Samuel,Walker,West Virginia
73,Rachel,Brooks,New York
74,Patrick,Sanchez,Texas
75,Leo,Smith,Texas
76,Jake,Scott,Virginia
77,Olivia,Lee,Wisconsin
78,Olivia,Lee,Virginia
79,Olivia,Adams,Texas
80,Isla,Adams,West Virginia
81,Isla,Scott,Virginia
82,Patrick,Scott,Florida
83,Isla,Adams,Washington
84,Jake,Brooks,Florida
85,Isla,Adams,Florida
86,Mia,Smith,Wisconsin
87,Olivia,Walker,West Virginia
88,Samuel,Reed,Texas
89,Mia,Sanchez,Wisconsin
90,Jake,Davis,New York
91,Mia,Scott,West Virginia
92,Samuel,Reed,New York
93,Leo,Brooks,Florida
94,Jake,Davis,Texas
95,Tara,Sanchez,Florida
96,Isla,Reed,Wisconsin
97,Olivia,Clark,New York
98,Olivia,Brooks,Washington
99,Jake,Sanchez,Texas
100,Isla,Reed,Washington
101,Patrick,Clark,Florida
102,Samuel,Adams,Wisconsin
103,Olivia,Sanchez,California
104,Tara,Lee,Washington
105,Rachel,Lee,California
106,Samuel,Lee,California
107,Leo,Reed,Texas
108,Olivia,Sanchez,Florida
109,Olivia,Davis,Washington
110,Patrick,Scott,Wisconsin
111,Olivia,Lee,West Virginia
112,Patrick,Smith,Wisconsin
113,Isla,Reed,California
114,Olivia,Lee,Texas
115,Isla,Sanchez,Florida
116,Olivia,Davis,Texas
117,Samuel,Davis,Washington
118,Jake,Scott,West Virginia
119,Olivia,Lee,California
120,Leo,Brooks,Texas
121,Rachel,Smith,Texas
122,Mia,Sanchez,Virginia
123,Isla,Clark,West Virginia
124,Mia,Clark,Washington
125,Ursula,Sanchez,Texas
126,Tara,Lee,Wisconsin
127,Mia,Brooks,Wisconsin
128,Isla,Walker,Wisconsin
129,Patrick,Reed,Texas
130,Rachel,Adams,Virginia
131,Rachel,Smith,Washington
132,Samuel,Walker,New York
133,Samuel,Reed,Texas
134,Olivia,Walker,New York
135,Rachel,Walker,New York
136,Jake,Adams,Wisconsin
137,Tara,Lee,West Virginia
138,Leo,Reed,Texas
139,Patrick,Brooks,West Virginia
140,Patrick,Reed,Washington
141,Jake,Walker,Texas
142,Mia,Adams,Wisconsin
143,Rachel,Davis,New York
144,Olivia,Smith,Wisconsin
145,Mia,Smith,Virginia
146,Tara,Adams,California
147,Samuel,Smith,California
148,Jake,Smith,Washington
149,Leo,Scott,Washington
150,Samuel,Sanchez,West Virginia
151,Tara,Brooks,Virginia
152,Leo,Reed,Wisconsin
153,Ursula,Adams,Washington
154,Jake,Adams,Texas
155,Leo,Adams,California
156,Ursula,Reed,West Virginia
157,Leo,Walker,Washington
158,Isla,Brooks,Virginia
159,Isla,Sanchez,West Virginia
160,Samuel,Davis,Florida
161,Patrick,Clark,Virginia
162,Samuel,Clark,Florida
163,Mia,Reed,Florida
164,Patrick,Clark,New York
165,Olivia,Walker,Washington
166,Isla,Scott,West Virginia
167,Ursula,Walker,West Virginia
168,Rachel,Sanchez,Wisconsin
169,Mia,Walker,Wisconsin
170,Rachel,Brooks,New York
171,Tara,Brooks,Florida
172,Olivia,Adams,Wisconsin
173,Tara,Adams,West Virginia
174,Jake,Walker,California
175,Mia,Walker,Wisconsin
176,Leo,Reed,California
177,Jake,Davis,Texas
178,Olivia,Walker,Wisconsin
179,Ursula,Reed,Wisconsin
180,Mia,Clark,Washington
181,Ursula,Sanchez,California
182,Rachel,Lee,Florida
183,Patrick,Walker,Wisconsin
184,Patrick,Adams,Washington
185,Rachel,Adams,West Virginia
186,Olivia,Adams,Washington
187,Jake,Brooks,Texas
188,Ursula,Reed,Washington
189,Ursula,Brooks,New York
190,Mia,Clark,Washington
191,Leo,Reed,Texas
192,Olivia,Lee,California
193,Isla,Reed,Wisconsin
194,Olivia,Scott,California
195,Ursula,Davis,Wisconsin
196,Tara,Lee,West Virginia
197,Ursula,Scott,Washington
198,Olivia,Lee,Virginia
199,Jake,Smith,Washington
200,Isla,Walker,Washington
201,Samuel,Walker,Wisconsin
202,Ursula,Sanchez,California
203,Patrick,Clark,Washington
204,Rachel,Reed,Wisconsin
205,Mia,Brooks,Virginia
206,Isla,Davis,West Virginia
207,Rachel,Davis,Virginia
208,Leo,Davis,Texas
209,Rachel,Brooks,New York
210,Olivia,Clark,California
211,Olivia,Smith,Wisconsin
212,Samuel,Lee,West Virginia
213,Mia,Smith,Texas
214,Mia,Lee,Washington
215,Mia,Sanchez,Florida
216,Mia,Brooks,New York
217,Isla,Scott,California
218,Patrick,Sanchez,Washington
219,Rachel,Brooks,New York
220,Leo,Davis,California
221,Leo,Brooks,New York
222,Leo,Clark,Texas
223,Jake,Lee,Florida
224,Jake,Lee,Florida
225,Patrick,Smith,Virginia
226,Leo,Davis,California
227,Tara,Smith,Virginia
228,Jake,Brooks,Virginia
229,Patrick,Adams,Texas
230,Patrick,Davis,Wisconsin
231,Olivia,Adams,Washington
232,Isla,Smith,Washington
233,Tara,Clark,West Virginia
234,Olivia,Davis,Florida
235,Isla,Clark,Virginia
236,Jake,Clark,Washington
237,Leo,Smith,New York
238,Olivia,Smith,West Virginia
239,Mia,Smith,New York
240,Ursula,Reed,West Virginia
241,Leo,Smith,Wisconsin
242,Leo,Reed,Washington
243,Tara,Sanchez,West Virginia
244,Mia,Scott,Wisconsin
245,Rachel,Smith,Washington
246,Leo,Clark,Washington
247,Mia,Davis,Wisconsin
248,Isla,Clark,West Virginia
249,Isla,Brooks,California
250,Olivia,Lee,West Virginia
251,Samuel,Reed,Virginia
252,Leo,Sanchez,Texas
253,Patrick,Sanchez,Florida
254,Isla,Walker,New York
255,Olivia,Scott,New York
256,Tara,Scott,Virginia
257,Mia,Davis,New York
258,Olivia,Smith,Washington
259,Mia,Clark,California
260,Patrick,Adams,West Virginia
261,Jake,Clark,Texas
262,Olivia,Lee,Virginia
263,Ursula,Sanchez,Washington
264,Rachel,Brooks,Texas
265,Jake,Davis,Wisconsin
266,Rachel,Sanchez,Florida
267,Ursula,Davis,Wisconsin
268,Samuel,Sanchez,Wisconsin
269,Jake,Brooks,California
270,Ursula,Walker,Texas
271,Olivia,Davis,West Virginia
272,Rachel,Scott,Virginia
273,Ursula,Lee,Texas
274,Jake,Davis,New York
275,Samuel,Reed,West Virginia
276,Tara,Reed,Florida
277,Isla,Davis,California
278,Mia,Smith,Florida
279,Mia,Walker,New York
280,Patrick,Scott,Wisconsin
281,Ursula,Walker,New York
282,Samuel,Sanchez,Wisconsin
283,Isla,Smith,Texas
284,Jake,Smith,West Virginia
285,Leo,Davis,Texas
286,Olivia,Scott,Virginia
287,Ursula,Reed,Texas
288,Ursula,Adams,Texas
289,Samuel,Walker,California
290,Tara,Walker,Florida
291,Isla,Reed,Florida
292,Rachel,Scott,Virginia
293,Tara,Adams,New York
294,Isla,Lee,West Virginia
295,Rachel,Scott,Florida
296,Jake,Clark,Texas
297,Tara,Reed,Wisconsin
298,Leo,Walker,Texas
299,Samuel,Sanchez,Virginia
300,Patrick,Adams,California
301,Ursula,Adams,Texas
302,Olivia,Sanchez,Virginia
303,Jake,Brooks,West Virginia
304,Mia,Davis,Wisconsin
305,Rachel,Clark,Florida
306,Isla,Sanchez,West Virginia
307,Samuel,Clark,Texas
308,Olivia,Sanchez,California
309,Patrick,Reed,Texas
310,Tara,Sanchez,Virginia
311,Olivia,Adams,California
312,Jake,Sanchez,Wisconsin
313,Isla,Brooks,Texas
314,Olivia,Lee,Wisconsin
315,Ursula,Brooks,Wisconsin
316,Rachel,Lee,New York
317,Leo,Brooks,Florida
318,Jake,Davis,Texas
319,Leo,Reed,Wisconsin
320,Isla,Smith,West Virginia
321,Rachel,Reed,Washington
322,Patrick,Lee,West Virginia
323,Olivia,Davis,Wisconsin
324,Ursula,Reed,Texas
325,Rachel,Reed,New York
326,Tara,Adams,Texas
327,Mia,Adams,Washington
328,Isla,Walker,Texas
329,Mia,Smith,New York
330,Jake,Scott,Florida
331,Samuel,Lee,West Virginia
332,Leo,Brooks,California
333,Tara,Sanchez,Washington
334,Isla,Reed,Texas
335,Patrick,Reed,Virginia
336,Mia,Smith,Florida
337,Tara,Reed,Wisconsin
338,Leo,Clark,Washington
339,Leo,Clark,Texas
340,Samuel,Smith,Texas
341,Leo,Reed,Florida
342,Leo,Walker,Florida
343,Isla,Clark,West Virginia
344,Leo,Davis,California
345,Rachel,Lee,Virginia
346,Samuel,Smith,West Virginia
347,Tara,Reed,California
348,Rachel,Reed,Wisconsin
349,Samuel,Adams,New York
350,Tara,Brooks,Washington
351,Patrick,Walker,Washington
352,Isla,Davis,Florida
353,Leo,Scott,Wisconsin
354,Tara,Clark,West Virginia
355,Isla,Reed,California
356,Isla,Brooks,Texas
357,Leo,Scott,Washington
358,Leo,Adams,California
359,Leo,Davis,Florida
360,Patrick,Clark,New York
361,Isla,Scott,West Virginia
362,Olivia,Clark,Washington
363,Rachel,Lee,Virginia
364,Leo,Adams,Washington
365,Isla,Walker,Washington
366,Rachel,Adams,New York
367,Leo,Clark,California
368,Rachel,Scott,West Virginia
369,Ursula,Davis,New York
370,Leo,Scott,Washington
371,Patrick,Sanchez,Wisconsin
372,Olivia,Sanchez,California
373,Mia,Reed,Washington
374,Ursula,Lee,Virginia
375,Mia,Adams,West Virginia
376,Isla,Adams,Florida
377,Tara,Davis,Wisconsin
378,Mia,Scott,Washington
379,Leo,Reed,Texas
380,Rachel,Sanchez,Wisconsin
381,Tara,Davis,Virginia
382,Samuel,Adams,West Virginia
383,Isla,Walker,Texas
384,Patrick,Walker,Florida
385,Samuel,Brooks,West Virginia
386,Olivia,Clark,Wisconsin
387,Olivia,Smith,Virginia
388,Rachel,Lee,West Virginia
389,Tara,Scott,Virginia
390,Leo,Scott,Washington
391,Leo,Reed,Florida
392,Ursula,Smith,Washington
393,Isla,Smith,California
394,Tara,Davis,New York
395,Ursula,Lee,Texas
396,Mia,Scott,New York
397,Ursula,Brooks,Washington
398,Mia,Scott,Virginia
399,Mia,Clark,West Virginia
400,Olivia,Clark,California
401,Samuel,Adams,Florida
402,Rachel,Clark,California
403,Rachel,Lee,California
404,Isla,Scott,Washington
405,Jake,Brooks,West Virginia
406,Rachel,Sanchez,New York
407,Jake,Scott,Wisconsin
408,Rachel,Clark,New York
409,Patrick,Smith,West Virginia
410,Isla,Brooks,Wisconsin
411,Mia,Sanchez,California
412,Mia,Adams,Texas
413,Olivia,Scott,California
414,Patrick,Sanchez,California
415,Rachel,Davis,Texas
416,Ursula,Walker,Virginia
417,Olivia,Walker,Virginia
418,Olivia,Reed,Wisconsin
419,Jake,Scott,Washington
420,Olivia,Clark,Texas
421,Samuel,Davis,Washington
422,Jake,Walker,Virginia
423,Olivia,Brooks,Florida
424,Isla,Scott,Florida
425,Rachel,Scott,New York
426,Leo,Lee,Florida
427,Tara,Reed,New York
428,Tara,Davis,California
429,Samuel,Reed,New York
430,Olivia,Lee,Virginia
431,Patrick,Brooks,California
432,Ursula,Davis,New York
433,Jake,Davis,Washington
434,Samuel,Clark,West Virginia
435,Tara,Smith,New York
436,Samuel,Lee,Virginia
437,Patrick,Davis,Washington
438,Mia,Reed,Virginia
439,Tara,Brooks,Virginia
440,Leo,Davis,Washington
441,Patrick,Reed,Texas
442,Tara,Brooks,Florida
443,Isla,Smith,New York
444,Tara,Lee,Texas
445,Mia,Adams,West Virginia
446,Leo,Scott,Wisconsin
447,Jake,Brooks,California
448,Tara,Reed,Florida
449,Mia,Sanchez,New York
450,Isla,Brooks,Florida
451,Rachel,Reed,California
452,Tara,Adams,West Virginia
453,Mia,Reed,West Virginia
454,Olivia,Lee,Washington
455,Olivia,Smith,New York
456,Rachel,Sanchez,Virginia
457,Olivia,Adams,Virginia
458,Ursula,Smith,California
459,Samuel,Brooks,Florida
460,Tara,Adams,Virginia
461,Patrick,Clark,Washington
462,Ursula,Davis,Virginia
463,Tara,Walker,West Virginia
464,Tara,Clark,New York
465,Rachel,Lee,Washington
466,Mia,Walker,Wisconsin
467,Jake,Lee,New York
468,Samuel,Clark,Florida
469,Patrick,Reed,California
470,Patrick,Clark,Wisconsin
471,Mia,Scott,Texas
472,Jake,Reed,Virginia
473,Tara,Walker,Washington
474,Isla,Adams,West Virginia
475,Patrick,Reed,New York
476,Samuel,Reed,Texas
477,Jake,Adams,Florida
478,Tara,Brooks,Wisconsin
479,Samuel,Lee,New York
480,Rachel,Brooks,California
481,Olivia,Adams,Wisconsin
482,Ursula,Smith,California
483,Leo,Lee,Wisconsin
484,Rachel,Smith,Virginia
485,Samuel,Brooks,Wisconsin
486,Rachel,Clark,Virginia
487,Olivia,Brooks,New York
488,Isla,Smith,Florida
489,Isla,Davis,Virginia
490,Mia,Sanchez,Wisconsin
491,Samuel,Walker,California
492,Rachel,Brooks,New York
493,Rachel,Davis,California
494,Jake,Scott,Florida
495,Isla,Walker,California
496,Tara,Sanchez,West Virginia
497,Tara,Sanchez,West Virginia
498,Tara,Smith,Texas
499,Olivia,Lee,Texas
500,Ursula,Walker,West Virginia
501,Jake,Adams,Virginia
502,Isla,Smith,California
503,Patrick,Clark,Washington
504,Rachel,Walker,Washington
505,Jake,Reed,Virginia
506,Ursula,Clark,New York
507,Tara,Smith,Florida
508,Tara,Adams,Virginia
509,Samuel,Brooks,Texas
510,Samuel,Smith,Florida
511,Samuel,Adams,New York
512,Rachel,Scott,West Virginia
513,Samuel,Clark,Texas
514,Samuel,Clark,Virginia
515,Patrick,Clark,New York
516,Olivia,Brooks,West Virginia
517,Isla,Reed,New York
518,Patrick,Walker,Washington
519,Tara,Lee,Florida
520,Samuel,Walker,California
521,Ursula,Reed,Wisconsin
522,Tara,Clark,West Virginia
523,Olivia,Scott,Washington
524,Mia,Scott,New York
525,Ursula,Davis,West Virginia
526,Mia,Reed,Florida
527,Mia,Smith,Texas
528,Samuel,Davis,Virginia
529,Ursula,Walker,California
530,Rachel,Brooks,West Virginia
531,Tara,Davis,Washington
532,Leo,Walker,California
533,Leo,Smith,West Virginia
534,Jake,Adams,New York
535,Olivia,Sanchez,Wisconsin
536,Tara,Walker,New York
537,Jake,Clark,Texas
538,Patrick,Reed,California
539,Olivia,Adams,Wisconsin
540,Leo,Reed,West Virginia
541,Mia,Walker,Florida
542,Isla,Brooks,New York
543,Samuel,Sanchez,New York
544,Patrick,Adams,Texas
545,Mia,Smith,Washington
546,Olivia,Adams,Virginia
547,Patrick,Reed,New York
548,Isla,Reed,West Virginia
549,Mia,Lee,West Virginia
550,Mia,Clark,Florida
551,Patrick,Adams,Wisconsin
552,Olivia,Walker,Texas
553,Ursula,Walker,Wisconsin
554,Isla,Walker,California
555,Leo,Davis,Wisconsin
556,Leo,Reed,Wisconsin
557,Leo,Lee,Wisconsin
558,Ursula,Walker,Texas
559,Ursula,Scott,Washington
560,Isla,Sanchez,Virginia
561,Isla,Walker,Wisconsin
562,Tara,Sanchez,Washington
563,Patrick,Scott,Florida
564,Leo,Brooks,Washington
565,Rachel,Clark,West Virginia
566,Mia,Davis,Florida
567,Patrick,Brooks,California
568,Rachel,Walker,New York
569,Olivia,Clark,Virginia
570,Jake,Reed,California
571,Isla,Scott,New York
572,Samuel,Clark,West Virginia
573,Patrick,Davis,New York
574,Jake,Walker,West Virginia
575,Jake,Smith,West Virginia
576,Ursula,Scott,Wisconsin
577,Jake,Davis,New York
578,Olivia,Davis,Wisconsin
579,Ursula,Scott,California
580,Patrick,Brooks,California
581,Isla,Scott,Washington
582,Leo,Walker,Wisconsin
583,Rachel,Smith,Texas
584,Ursula,Walker,California
585,Samuel,Brooks,West Virginia
586,Tara,Walker,New York
587,Mia,Walker,New York
588,Mia,Davis,Florida
589,Isla,Reed,Washington
590,Ursula,Smith,Wisconsin
591,Isla,Walker,Texas
592,Tara,Clark,Texas
593,Samuel,Adams,Texas
594,Mia,Smith,Texas
595,Isla,Clark,Virginia
596,Ursula,Davis,Virginia
597,Isla,Scott,West Virginia
598,Patrick,Adams,Florida
599,Mia,Scott,Wisconsin
600,Patrick,Brooks,Washington
601,Patrick,Scott,Washington
602,Tara,Smith,New York
603,Jake,Adams,California
604,Patrick,Sanchez,California
605,Samuel,Sanchez,Washington
606,Rachel,Brooks,West Virginia
607,Olivia,Smith,California
608,Ursula,Scott,Washington
609,Tara,Lee,Florida
610,Rachel,Scott,Texas
611,Isla,Clark,Texas
612,Patrick,Sanchez,Texas
613,Isla,Smith,Florida
614,Ursula,Sanchez,California
615,Rachel,Scott,Virginia
616,Ursula,Clark,New York
617,Rachel,Davis,Washington
618,Olivia,Smith,New York
619,Tara,Scott,Texas
620,Olivia,Reed,New York
621,Isla,Adams,West Virginia
622,Olivia,Adams,Texas
623,Jake,Smith,Florida
624,Mia,Lee,California
625,Samuel,Lee,Florida
626,Jake,Scott,Florida
627,Isla,Walker,West Virginia
628,Isla,Clark,New York
629,Isla,Scott,California
630,Ursula,Clark,Virginia
631,Olivia,Lee,Washington
632,Samuel,Sanchez,Virginia
633,Patrick,Walker,West Virginia
634,Ursula,Reed,Texas
635,Mia,Lee,New York
636,Patrick,Reed,Washington
637,Leo,Brooks,Wisconsin
638,Rachel,Clark,Florida
639,Mia,Scott,New York
640,Jake,Davis,Washington
641,Jake,Walker,West Virginia
642,Ursula,Walker,Virginia
643,Tara,Smith,Washington
644,Isla,Walker,New York
645,Mia,Scott,Washington
646,Olivia,Sanchez,Virginia
647,Leo,Brooks,Washington
648,Leo,Scott,California
649,Rachel,Reed,California
650,Ursula,Scott,Virginia
651,Jake,Scott,West Virginia
652,Leo,Walker,Virginia
653,Tara,Reed,West Virginia
654,Rachel,Smith,Wisconsin
655,Patrick,Brooks,Virginia
656,Samuel,Davis,Florida
657,Samuel,Davis,California
658,Rachel,Scott,Washington
659,Patrick,Lee,Washington
660,Ursula,Davis,Virginia
661,Olivia,Brooks,New York
662,Rachel,Brooks,Wisconsin
663,Isla,Sanchez,Virginia
664,Samuel,Lee,Virginia
665,Jake,Smith,California
666,Olivia,Adams,Florida
667,Mia,Sanchez,Washington
668,Leo,Lee,Florida
669,Jake,Adams,New York
670,Ursula,Reed,Florida
671,Isla,Davis,Wisconsin
672,Jake,Brooks,Washington
673,Rachel,Clark,Wisconsin
674,Samuel,Clark,Florida
675,Leo,Smith,New York
676,Jake,Scott,New York
677,Tara,Davis,Texas
678,Jake,Adams,Florida
679,Patrick,Lee,California
680,Leo,Davis,New York
681,Samuel,Smith,Washington
682,Tara,Sanchez,West Virginia
683,Jake,Davis,West Virginia
684,Rachel,Lee,Florida
685,Rachel,Scott,Florida
686,Ursula,Scott,New York
687,Olivia,Brooks,New York
688,Samuel,Sanchez,New York
689,Samuel,Adams,New York
690,Samuel,Lee,West Virginia
691,Isla,Brooks,New York
692,Mia,Adams,Texas
693,Mia,Sanchez,Texas
694,Rachel,Walker,Virginia
695,Rachel,Scott,Washington
696,Jake,Lee,New York
697,Patrick,Scott,New York
698,Olivia,Reed,West Virginia
699,Olivia,Walker,New York
700,Rachel,Smith,Florida
701,Leo,Smith,West Virginia
702,Ursula,Smith,California
703,Mia,Brooks,New York
704,Jake,Adams,Washington
705,Patrick,Smith,Texas
706,Ursula,Reed,New York
707,Leo,Adams,Texas
708,Leo,Walker,Washington
709,Isla,Brooks,West Virginia
710,Olivia,Adams,Washington
711,Patrick,Sanchez,New York
712,Jake,Walker,Washington
713,Samuel,Adams,Texas
714,Patrick,Scott,West Virginia
715,Jake,Smith,Wisconsin
716,Rachel,Clark,New York
717,Olivia,Scott,Florida
718,Rachel,Clark,West Virginia
719,Ursula,Brooks,California
720,Patrick,Scott,Virginia
721,Leo,Lee,Texas
722,Ursula,Davis,West Virginia
723,Olivia,Walker,California
724,Mia,Clark,Virginia
725,Patrick,Lee,Wisconsin
726,Leo,Scott,Washington
727,Isla,Lee,West Virginia
728,Samuel,Smith,Washington
729,Isla,Reed,California
730,Rachel,Walker,Texas
731,Jake,Adams,Washington
732,Ursula,Scott,Wisconsin
733,Leo,Lee,California
734,Isla,Lee,Washington
735,Jake,Clark,Florida
736,Mia,Smith,California
737,Isla,Sanchez,West Virginia
738,Tara,Davis,Texas
739,Samuel,Reed,California
740,Olivia,Smith,West Virginia
741,Rachel,Lee,Virginia
742,Isla,Brooks,Texas
743,Leo,Clark,Texas
744,Rachel,Scott,Texas
745,Olivia,Lee,Washington
746,Mia,Smith,California
747,Olivia,Scott,New York
748,Rachel,Scott,Texas
749,Tara,Walker,West Virginia
750,Patrick,Lee,Florida
751,Samuel,Smith,Washington
752,Tara,Davis,Wisconsin
753,Samuel,Smith,Florida
754,Tara,Lee,Florida
755,Jake,Scott,Virginia
756,Olivia,Clark,Texas
757,Rachel,Davis,Virginia
758,Ursula,Walker,New York
759,Samuel,Brooks,Washington
760,Samuel,Clark,Virginia
761,Patrick,Scott,West Virginia
762,Tara,Adams,New York
763,Rachel,Davis,Washington
764,Olivia,Smith,California
765,Tara,Adams,Wisconsin
766,Patrick,Scott,New York
767,Tara,Adams,Wisconsin
768,Isla,Sanchez,Virginia
769,Tara,Sanchez,Texas
770,Tara,Sanchez,Washington
771,Isla,Reed,Virginia
772,Leo,Reed,Washington
773,Ursula,Walker,Washington
774,Mia,Clark,Florida
775,Isla,Walker,Virginia
776,Samuel,Walker,Washington
777,Ursula,Scott,Virginia
778,Samuel,Lee,Washington
779,Patrick,Lee,Texas
780,Olivia,Clark,Virginia
781,Leo,Clark,Florida
782,Isla,Scott,Texas
783,Jake,Brooks,California
784,Isla,Walker,Wisconsin
785,Rachel,Walker,California
786,Isla,Reed,Washington
787,Mia,Brooks,Virginia
788,Mia,Sanchez,West Virginia
789,Olivia,Smith,Washington
790,Jake,Lee,Wisconsin
791,Isla,Clark,West Virginia
792,Olivia,Reed,West Virginia
793,Samuel,Brooks,Washington
794,Isla,Clark,West Virginia
795,Rachel,Sanchez,California
796,Tara,Adams,California
797,Rachel,Smith,New York
798,Leo,Davis,Florida
799,Isla,Lee,Virginia
800,Isla,Lee,Virginia
801,Isla,Brooks,Texas
802,Isla,Walker,Virginia
803,Ursula,Walker,New York
804,Isla,Scott,Virginia
805,Mia,Brooks,Wisconsin
806,Ursula,Lee,Wisconsin
807,Jake,Reed,New York
808,Rachel,Scott,West Virginia
809,Ursula,Lee,Virginia
810,Tara,Adams,Florida
811,Leo,Smith,California
812,Tara,Scott,Texas
813,Samuel,Clark,Florida
814,Olivia,Reed,New York
815,Rachel,Davis,Texas
816,Tara,Davis,Texas
817,Jake,Scott,Florida
818,Tara,Brooks,Wisconsin
819,Patrick,Davis,Florida
820,Jake,Walker,Washington
821,Isla,Reed,Virginia
822,Isla,Adams,Texas
823,Patrick,Scott,New York
824,Rachel,Smith,New York
825,Samuel,Scott,Florida
826,Jake,Smith,Texas
827,Leo,Brooks,Washington
828,Patrick,Clark,West Virginia
829,Jake,Adams,Wisconsin
830,Samuel,Walker,Texas
831,Mia,Scott,Wisconsin
832,Jake,Lee,Texas
833,Olivia,Smith,New York
834,Mia,Scott,West Virginia
835,Tara,Smith,Wisconsin
836,Ursula,Brooks,Texas
837,Tara,Adams,Texas
838,Mia,Davis,New York
839,Isla,Davis,Texas
840,Rachel,Reed,Virginia
841,Ursula,Scott,Wisconsin
842,Tara,Lee,Virginia
843,Patrick,Brooks,Washington
844,Leo,Davis,California
845,Ursula,Brooks,Wisconsin
846,Rachel,Walker,Virginia
847,Rachel,Smith,Washington
848,Rachel,Reed,West Virginia
849,Isla,Sanchez,Virginia
850,Ursula,Sanchez,Virginia
851,Jake,Clark,Virginia
852,Rachel,Adams,New York
853,Patrick,Scott,New York
854,Olivia,Sanchez,West Virginia
855,Leo,Walker,West Virginia
856,Tara,Brooks,Virginia
857,Mia,Walker,Washington
858,Mia,Walker,Texas
859,Olivia,Reed,Texas
860,Samuel,Clark,Virginia
861,Jake,Lee,Virginia
862,Ursula,Lee,Washington
863,Mia,Clark,Texas
864,Tara,Adams,Florida
865,Mia,Adams,California
866,Jake,Sanchez,Florida
867,Leo,Sanchez,New York
868,Leo,Davis,Washington
869,Rachel,Walker,West Virginia
870,Rachel,Clark,Texas
871,Rachel,Smith,Washington
872,Isla,Clark,New York
873,Leo,Davis,Florida
874,Patrick,Sanchez,Virginia
875,Isla,Smith,Wisconsin
876,Tara,Sanchez,Wisconsin
877,Rachel,Lee,Wisconsin
878,Mia,Sanchez,New York
879,Leo,Sanchez,Texas
880,Leo,Davis,Washington
881,Ursula,Lee,Wisconsin
882,Leo,Smith,Wisconsin
883,Mia,Reed,Florida
884,Rachel,Scott,Texas
885,Isla,Brooks,Florida
886,Samuel,Adams,West Virginia
887,Mia,Smith,California
888,Tara,Lee,Washington
889,Olivia,Adams,New York
890,Jake,Scott,Washington
891,Mia,Walker,Wisconsin
892,Mia,Clark,West Virginia
893,Rachel,Clark,California
894,Isla,Reed,Texas
895,Patrick,Lee,California
896,Ursula,Clark,California
897,Jake,Walker,California
